country,date,gdp_growth,inflation,debt_to_gdp,current_account_gdp,reserves_months_imports,ext_debt_total,unemployment,fx_official
Brazil,2024,3.41931516597739,4.36746407652337,81.8554431216383,-3.02715961462093,7.95558614184571,605463780812.8,6.801,5.3889349057096
Brazil,2023,3.24165532813583,4.59356282283204,83.0317498511131,-1.23558182662996,9.43008741044696,607387151485.1,7.947,4.99437976287199
Brazil,2022,3.01669435408112,9.28010608956873,79.1023218876878,-2.14967710619443,8.3357921852962,579257850288.2,9.231,5.16397029102111
Brazil,2021,4.7626043797061,8.30165975585673,85.0115036759105,-2.35822088025659,11.1402301211994,571193915507.8,13.158,5.39440078962503
Brazil,2020,-3.27675879612903,3.21176803803376,98.7098819481716,-1.64103535066212,14.9438769882273,549329010779.0,13.697,5.15517878751281
Brazil,2019,1.22077782271943,3.73297621216894,92.5652532010336,-3.41429111497121,12.2312070465136,568708887352.2,11.936,3.9444710972507
Brazil,2018,1.78366676137003,3.66485028376729,86.6078841230118,-2.80752036371842,13.202166862988,557765380774.6,12.329,3.65382536145755
Brazil,2017,1.32286905390815,3.44637335032669,83.6692026484793,-1.22429942889483,14.8647023427237,543000470110.9,12.792,3.19138944630048
Brazil,2016,-3.2759169063211,8.73914352329393,73.4188038098507,-1.70011360207642,16.6034201407585,543257228545.3,11.58,3.49131342157271
Brazil,2015,-3.54576339347278,9.02990102416136,67.5375540389418,-3.5183920728161,14.6482488458148,543397356309.8,8.538,3.32690438276879
Brazil,2014,0.503955740273241,6.32904015516139,58.4572711007508,-4.49883030905232,11.3474043536962,556919631071.7,6.755,2.35295196276669
Brazil,2013,3.0048226702888,6.20431066640101,57.2284093858434,-3.57422104702554,11.204987102341,483734834011.9,7.071,2.15608915126311
Brazil,2012,1.92117598509462,5.40349914036997,59.8494900102759,-3.75941536826245,11.6309530113885,440496598192.8,7.251,1.95306861112487
Brazil,2011,3.97442307944702,6.6364496221309,59.341658294152,-3.19461785178244,10.5265784637235,404046105342.1,7.578,1.67282875525659
Brazil,2010,7.52822581812151,5.03872690108075,61.3187804640802,-3.92594539867631,10.2280608885101,352364412862.6,8.42,1.75922671058718
Brazil,2009,-0.12581200299141,4.88803479876799,,-1.75935802585413,12.9658318881251,281651138432.4,9.419,1.99942817314426
Brazil,2008,5.09419544811998,5.67859390284168,,-2.09933746626458,8.33142232895235,262957236462.6,8.268,1.83376666666667
Brazil,2007,6.06987060733128,3.64127299102652,,-0.197096994827677,10.7535621523233,238444452622.6,9.28,1.94705833333333
Brazil,2006,3.96198870899485,4.18356812896909,,0.972710373980306,6.60632794970043,194303018016.9,9.692,2.17532666666667
Brazil,2005,3.20213206216255,6.86953720898964,,1.30988468509779,5.01765489488028,188364545589.9,10.551,2.43439003623188
Brazil,2004,5.75996463685998,6.59718509985963,,1.33863085372603,6.01897746167502,220693592600.6,10.072,2.92511944951586
Brazil,2003,1.14082899877101,14.7149197228147,,0.392877198829747,6.80818213950275,235907984168.4,11.168,3.07747511847802
Brazil,2002,3.05346185683619,8.45016437708331,,-1.84525902808169,5.36911462837761,231944181034.5,10.641,2.92036301775519
Brazil,2001,1.3898964044581,6.84035902487523,,-4.44478598177802,4.44144456291018,229959717402.1,10.649,2.34963170932244
Brazil,2000,4.38794944364869,7.04414105947266,,-4.04774157195875,4.14153415965172,242511685521.8,10.889,1.82942312207561
Botswana,2024,-2.98986879467928,2.81835131676251,,-4.23221726436584,4.75676435737337,2317990593.0,23.81,13.5631333333333
Botswana,2023,3.20806812224438,5.0676154934383,,1.48807672938924,7.1798229535816,2184503342.8,23.381,13.5963833333333
Botswana,2022,5.48601706446772,11.665567478802,,-0.59504452376584,4.98603986672535,2002717072.9,23.615,12.3688083333333
Botswana,2021,11.9162724376008,7.24097765588442,,-1.76490531071366,6.00373614438295,1997456430.5,23.106,11.0872583333333
Botswana,2020,-8.72888243996397,1.8903591682421,19.6161332466694,-9.8063111229932,7.74210429383501,1602987277.9,21.017,11.4562416666667
Botswana,2019,3.0317733945467,2.77286442863321,16.193904309718,-6.90505478190792,8.35244884596836,1564146563.7,20.094,10.7558666666667
Botswana,2018,4.18869237159223,3.23801558947715,15.2307151442609,0.392946349031096,8.69368416094933,1773968857.7,19.665,10.199975
Botswana,2017,4.11437856445083,3.30828076768219,14.6807691767743,5.58580913830413,11.3608810616714,1732142195.8,19.671,10.3474166666667
Botswana,2016,7.20442475914267,2.81495791361944,15.8049523115174,7.97299721999998,10.2345139601369,2121220930.7,19.328,10.9011583333333
Botswana,2015,-4.85132507409779,3.06203169580558,19.086977673783,2.22618287554396,10.2974149987661,2223000319.7,18.915,10.1289916666667
Botswana,2014,5.69714422072884,4.40225309243427,18.3257336074772,11.0750306448499,10.266911009258,2490383552.1,18.484,8.97608333333333
Botswana,2013,11.1029068737822,5.88460707056817,19.0163812887175,4.53073148351166,9.18730550151156,2378002492.2,18.167,8.39890833333333
Botswana,2012,-0.170857099335691,7.53690261091916,20.6231807851092,-5.90199267050561,9.84524080322996,2517445031.3,17.916,7.640525
Botswana,2011,6.83841052493574,8.45987233408583,21.0743622822987,-0.872984775002233,10.9462028718796,2395188968.7,18.049,6.83823333333333
Botswana,2010,10.119723322694,6.94887658743103,21.8862970525723,-5.88840225663454,12.3974795027323,1806938426.7,17.86,6.793625
Botswana,2009,-14.1442346163423,8.02729703109582,19.2517818685668,-6.40593961472031,17.4791313411833,1643300883.2,16.169,7.15514166666667
Botswana,2008,3.25207295796832,12.7021883920076,8.00402997376666,1.39345872319276,15.7252080622286,448508779.9,16.293,6.82685833333333
Botswana,2007,5.79255577727118,7.08099847172693,5.9431764131185,15.6550615013405,19.6010926257415,425189546.8,16.976,6.13940833333333
Botswana,2006,8.36387109282306,11.5552187914379,6.02356808660498,19.6647760227163,20.5493536757065,364731487.2,17.782,5.8303
Botswana,2005,4.55664565323181,8.6102252854644,,16.1057108456086,15.8904869813322,460538960.4,19.852,5.11675
Botswana,2004,2.70582170611173,6.94570363654675,,3.53678323332069,13.994111443137,515796292.8,21.755,4.69383333333333
Botswana,2003,4.62589474959299,9.18990265632739,,9.54244888755721,16.816569647457,514126449.3,23.8,4.94966666666667
Botswana,2002,6.06953087648317,8.03279662527486,,4.84207534572473,21.460908538314,491350071.0,21.277,6.32779166666667
Botswana,2001,0.250573949689084,6.55903767014862,,10.8425100137362,26.729041672384,400352880.4,18.54,5.84141666666667
Botswana,2000,1.98769583378552,8.60148514851491,,9.4180495224013,24.8591709175375,452434627.4,15.88,5.10224166666667
China,2024,4.9773565917572,0.218128938439177,,2.2616499482671,11.2291372513816,2419835436491.8,4.59,7.19749110789917
China,2023,5.41484330099675,0.234836828893051,,1.4415829879426,11.6398210792559,2447537483872.8,4.67,7.08399842343631
China,2022,3.1341888719577,1.97357555739051,,2.42059259149418,11.1266298868594,2530502272052.6,4.98,6.73715811237119
China,2021,8.57008513166322,0.981015135544882,,1.93875176197337,11.6019861902875,2724353650084.8,4.55,6.44897518024316
China,2020,2.34018843078414,2.41942189457782,,1.65930095801393,14.6817028192022,2326232537961.7,5.0,6.90076726944925
China,2019,6.06850235053705,2.89923416358227,,0.706790487310518,13.754177548943,2114161989828.3,4.56,6.90838500992901
China,2018,6.75671800166833,2.07479039965576,,0.170563391928727,13.1417391678264,1961562462976.8,4.31,6.61595717735439
China,2017,6.8912663621211,1.59313600071436,,1.50488723669315,15.4175323187252,1710819944231.6,4.47,6.75875508633597
China,2016,6.77555562837017,2.00000182191943,,1.67018709565351,16.7160982737837,1413904270462.7,4.56,6.6444778294468
China,2015,6.97878002657477,1.43702380935655,,2.59752794949746,17.935784855181,1333768986063.5,4.65,6.22748867298455
China,2014,7.46190028229434,1.92164162788521,,2.21130586371267,18.9654201864734,1778380562695.9,4.63,6.14343409448867
China,2013,7.77872409446717,2.62105001748115,,1.52111320885029,19.5432820448992,1480476659937.3,4.6,6.19575834608231
China,2012,7.85617427055587,2.61952432645541,,2.48328422404793,19.0830480218236,1148164368937.8,4.58,6.31233282683186
China,2011,9.4613358870736,5.55389892257493,,1.77399724587567,19.1307572380526,1054209569422.7,4.55,6.46146132655007
China,2010,10.5962719761682,3.17532475269199,,3.84025673415249,21.8294857327459,742737476056.6,4.53,6.77026902870939
China,2009,9.40269972778044,-0.728165250932898,,4.68740638141982,25.3897624622571,454495613318.6,4.72,6.83141605176666
China,2008,9.67024588602851,5.92525137041092,,9.0108699631763,19.1459316518489,386423097229.7,4.59,6.948655
China,2007,14.1499854947127,4.81676767378834,,9.79958953536146,18.0957914112379,377749152515.9,4.35,7.6075325
China,2006,12.6746751655235,1.6494309945586,,8.30532573537482,15.3932049867437,326419519861.6,4.43,7.97343833333333
China,2005,11.458238455067,1.77641407667571,,5.71199843031159,14.1697653869492,285857036926.9,4.52,8.19431666666667
China,2004,10.1314073631003,3.82463743108159,,3.47450259619584,12.9044006224391,247359209017.2,4.49,8.27680083333333
China,2003,10.1181928640117,1.12760348729637,,2.55665409110255,11.442740318432,207180503978.3,4.58,8.27703666666667
China,2002,9.24339326638321,-0.731970902350244,,2.37759984341841,15.2992330754394,185465746540.1,4.24,8.2769575
China,2001,8.31263887091522,0.719125609120114,,1.28417196444636,12.6317565159013,184315443994.2,3.8,8.27706833333333
China,2000,8.58643201808462,0.347811226864587,,1.67667411710879,10.941358639692,145906872763.7,3.26,8.27850416666666
Germany,2024,-0.495851897260366,2.2564981433876,,5.77188467199732,2.19888604346397,,3.4,0.923889546117607
Germany,2023,-0.869647578573321,5.94643667725823,,5.51222510245724,1.86701248940273,,3.071,0.924839558470698
Germany,2022,1.8092581243061,6.87257438551097,,3.85045627175846,1.76247470845576,,3.137,0.949623753156941
Germany,2021,3.90999994204108,3.06666666666673,,6.9200696637534,1.99690469909918,,3.594,0.84549413889045
Germany,2020,-4.13191443239947,0.144877925813982,,6.34782686016016,2.21941478798261,,3.881,0.875506396987998
Germany,2019,0.977734697038784,1.44565976888253,,7.87471222403171,1.68680367954396,,3.163,0.893276257067409
Germany,2018,1.13569604599849,1.73216879766942,,8.43761219902202,1.45449826289867,,3.384,0.846772667108111
Germany,2017,2.797906720551,1.50949485109628,,8.07873526112888,1.62554687781986,,3.781,0.885205508269372
Germany,2016,2.22222216259371,0.491747008445174,,8.9023603683727,1.62420238995538,,4.104,0.903421436257263
Germany,2015,1.66300602334775,0.514426137125456,,8.09671429040111,1.53866263784817,,4.612,0.901296423367096
Germany,2014,2.18018602168017,0.906794000434246,,7.19417703303447,1.48007833557917,,4.979,0.752728196932603
Germany,2013,0.396995583779145,1.50472330251876,,6.72910853583545,1.54979764395872,,5.316,0.752945122701996
Germany,2012,0.463512036709204,2.00848884782956,,7.19554460437767,1.99203879709292,,5.372,0.778338120416812
Germany,2011,3.75796884489337,2.07517283735874,,6.26091712383114,1.7323689537129,,5.967,0.718413898653317
Germany,2010,4.13463778522758,1.1038103778926,,5.77277636027696,1.86141152631238,,7.043,0.754308990105961
Germany,2009,-5.54455451920674,0.312739007368447,,5.87627948005071,1.72018124150417,,7.88,0.716957702016136
Germany,2008,0.887902330743628,2.62837981637219,,5.57767610595061,1.03763135561577,,7.508,0.679922680042729
Germany,2007,2.8891174138025,2.29834400700951,,6.70574096490579,1.09838257647451,,8.732,0.729672399984083
Germany,2006,3.86668241523209,1.57742642840563,,5.83661726884204,1.07559747593649,,10.277,0.796432730949102
Germany,2005,0.885485292551564,1.54691114751328,,4.64324145764122,1.12734868132123,,11.193,0.803800192161442
Germany,2004,1.16208684507278,1.66573696655992,,4.53374240243277,1.17945114546741,,10.727,0.803921647747618
Germany,2003,-0.529801394291297,1.03422218628562,,1.53250948753762,1.35954156351091,,9.779,0.88404792718493
Germany,2002,-0.228255715793637,1.42080615551526,,1.98424702046954,1.53474790667413,,8.482,1.05755899623965
Germany,2001,1.63614170690956,1.98385731334471,,-0.17042466008937,1.44677088174588,,7.773,1.11653308564462
Germany,2000,2.8765231247659,1.44026838719741,,-1.5131310276989,1.49405697641971,,7.917,1.08270508132602
"Egypt, Arab Rep.",2024,2.3991692678251,28.2705899322083,,-5.72048144014404,4.53950764706677,155972716013.2,6.817,45.29926
"Egypt, Arab Rep.",2023,3.76028052279247,33.8847763115546,,-3.17338760075615,3.87390992001781,168182236339.6,6.753,30.6264136980311
"Egypt, Arab Rep.",2022,6.58784560886967,13.8956609775178,,-2.2100904275198,3.32738146369502,163111452414.1,6.546,19.1604397412204
"Egypt, Arab Rep.",2021,3.29064601202211,5.21404940513043,,-4.38240299812,4.38225643427728,145998330659.9,7.441,15.6445272777113
"Egypt, Arab Rep.",2020,3.55016483786838,5.04493288977539,,-3.70903990583373,5.56473451430896,132538717154.0,7.974,15.7591729166667
"Egypt, Arab Rep.",2019,5.55209307156956,9.15279959324804,,-3.20758543154937,5.83923947440236,114910260649.9,7.851,16.7705818428763
"Egypt, Arab Rep.",2018,5.3311086189448,14.4014657807422,,-2.93164483711978,5.85734270401284,99457163486.3,9.855,17.7672904218107
"Egypt, Arab Rep.",2017,4.18122099994778,29.5066083940039,,-3.19681566782461,5.72306111855627,84587108845.3,11.767,17.7825335150636
"Egypt, Arab Rep.",2016,4.34664345555447,13.813606214829,,-6.16465951871263,3.8854106958735,69188517055.2,12.45,10.0254007885465
"Egypt, Arab Rep.",2015,4.37201907790141,10.370490343517,,-5.23529137853431,2.59707505474829,49873938935.6,13.052,7.69125833333333
"Egypt, Arab Rep.",2014,2.91591187985748,10.0702154687481,,-1.94849131455399,2.21204888604566,41772774970.9,13.105,7.07760856060606
"Egypt, Arab Rep.",2013,2.18546605362143,9.46971981064921,,-1.22513249838744,2.73003963526373,46534987114.9,13.154,6.870325
"Egypt, Arab Rep.",2012,2.22619979863525,7.11172943343083,,-2.49788021735236,2.48779534146603,40061753451.8,12.597,6.05605833333333
"Egypt, Arab Rep.",2011,1.7645719489982,10.0649259874818,,-2.32378812632193,3.28531568230902,35208762810.6,11.849,5.93282765151515
"Egypt, Arab Rep.",2010,5.1472348575531,11.2651882653185,,-2.05668307641306,6.70121378987163,36803931990.1,8.757,5.6219429176105
"Egypt, Arab Rep.",2009,4.67359979952391,11.7634954386443,,-1.7707391095759,7.35827452765158,35417097883.9,9.087,5.54455330862977
"Egypt, Arab Rep.",2008,7.15628356605819,18.3168316831684,,-0.868821887213847,5.97060049450951,33925338196.5,8.517,5.4325
"Egypt, Arab Rep.",2007,7.08782742681038,9.3189690579923,85.7885338345865,0.315552631578947,6.95056522562451,34604548133.8,8.8,5.63543333333334
"Egypt, Arab Rep.",2006,6.84383819379117,7.64452644526434,,2.45322162862231,7.36480504492886,31028391832.6,10.49,5.73316666666666
"Egypt, Arab Rep.",2005,4.47174447174434,4.86939696871988,,2.34529559888579,7.32906037591458,30575696632.4,11.049,5.77883333333333
"Egypt, Arab Rep.",2004,4.0920716112534,11.270619332052,,4.97788419534309,6.63684137548045,31403286339.0,10.32,6.19624166666666
"Egypt, Arab Rep.",2003,3.19345473739745,4.50777636319304,,4.66231377245509,8.55089573372284,30467606765.2,10.91,5.850875
"Egypt, Arab Rep.",2002,2.39020402573726,2.73723855000334,,0.730979150171549,8.25026634670874,29671747582.0,10.01,4.49966666666667
"Egypt, Arab Rep.",2001,3.53525197391507,2.26975720475956,,-0.401718427655422,7.45748900818798,28331673242.3,9.26,3.973
"Egypt, Arab Rep.",2000,6.37000382991766,2.68380535348546,,-0.972570273448986,6.92773642731753,29232716500.9,8.98,3.47205
Ethiopia,2024,7.61277447511073,21.0377460577711,,-2.53176480494864,1.78062348919911,36548259483.3,3.357,82.6013363504764
Ethiopia,2023,6.59424599357075,30.2188278135278,,-3.52359702028074,1.04253332393312,33273672181.5,3.375,54.6009480676569
Ethiopia,2022,5.32175988403378,33.8898797100898,,-4.19066632559079,0.578588743645574,30620768251.9,3.386,51.7562150334169
Ethiopia,2021,5.64153069257077,26.8395221557722,,-4.13241831245632,0.921461319519326,32000197807.2,3.935,43.73377831884
Ethiopia,2020,6.05953089054807,20.3563468559061,,-2.75526110015443,2.04857901561174,32364057104.1,3.998,34.9271654040404
Ethiopia,2019,8.36408573314054,15.8096321719344,31.4488445675115,-5.47194445075559,1.80527864372519,30377335498.2,2.928,29.06975
Ethiopia,2018,6.81614778557282,13.8330356586661,32.5332245880697,-5.53324917435326,2.35373732912293,29842524863.7,2.811,27.4293865941667
Ethiopia,2017,9.56418965754014,10.6871150284238,30.0951138166574,-7.76343039992896,1.84484716277074,26170602394.7,2.665,23.8661044574125
Ethiopia,2016,9.43348265981905,6.62813337230924,29.00568173215,-11.5449209376397,1.78101039203728,23396722284.1,2.556,21.7315472222222
Ethiopia,2015,10.3924630141307,9.56889955968623,27.9431250361336,-12.1838327178752,2.28152768719769,20443875424.1,2.442,20.57684875
Ethiopia,2014,10.2574929627477,6.89001951597192,26.9372797319632,-10.3781721184147,2.3002950163837,16946037499.2,2.361,19.585789907695
Ethiopia,2013,10.5822700502552,7.46402192944517,10.733283781495,-6.36626399169653,1.97097009114638,12585463066.0,2.251,18.6266289575478
Ethiopia,2012,8.64781163513926,23.600417677317,,-7.1067486808021,1.94022284437674,10465118049.7,2.252,17.7047613782674
Ethiopia,2011,11.1782962297008,33.2499598823344,,-3.30367964138338,2.8714432508009,8607523904.7,2.27,16.8992257595275
Ethiopia,2010,12.5505383347633,8.14926402965082,,-2.1222608717343,2.69323946325897,7287411658.5,2.295,14.4095898080066
Ethiopia,2009,8.8025531990487,8.48364404530282,,-6.75348362103612,2.35198741196645,5361419433.9,2.326,11.7775996725
Ethiopia,2008,10.7885216870332,44.3566858766952,,-6.67139557726763,1.08431084897836,2847636291.2,2.326,9.59974166666667
Ethiopia,2007,11.4561670019891,17.2404008340898,,-4.20144598076542,2.22984652213647,2592599173.4,2.337,8.96595
Ethiopia,2006,10.8347270679373,12.2994763114825,,-11.6871605564419,1.95885471130628,2220991208.6,2.337,8.69861583333333
Ethiopia,2005,11.8187659491625,9.96997123512892,,-12.6419842587598,2.53122457563318,6175805430.4,2.497,8.66644166666667
Ethiopia,2004,13.5726031401471,3.32737047894847,,-6.59189372254429,4.74277142884822,6568177206.7,2.776,8.63558333333333
Ethiopia,2003,-2.16135972256865,13.6740452028272,,-1.58150719828577,4.33256750517159,7281813432.4,3.008,8.59968333333333
Ethiopia,2002,1.51472570667433,0.675089102170801,,-1.74046524518375,5.59777365143908,6552441032.8,3.054,8.56775
Ethiopia,2001,8.30130632267965,-8.23784453391137,,-4.53620596538169,2.6774765390466,5745843979.0,3.16,8.45749166666667
Ethiopia,2000,6.07321748125295,0.662458109266482,,0.163268897783397,2.60050075184956,5516263792.3,3.499,8.21725833333333
United Kingdom,2024,1.1264226705118,3.2715729463592,131.073062954793,-2.18793597246208,1.22309285940089,,4.361,0.782414580986262
United Kingdom,2023,0.271650048355255,6.79396706793963,136.142431919028,-3.57676183842871,1.25355978527131,,4.025,0.804538906734353
United Kingdom,2022,5.14970388522993,7.92204883147902,138.215904304967,-2.06737101121871,1.41227364359353,,3.768,0.811301715827773
United Kingdom,2021,8.5431118453255,2.51837109614213,183.804848939919,-0.752836357784011,1.91277921919497,,4.864,0.727064944688323
United Kingdom,2020,-10.047896637362,0.989486703772491,194.682828796265,-2.92883387550298,2.1161105409397,,4.472,0.779999576697153
United Kingdom,2019,1.25629899760824,1.73810460086513,158.972569875821,-2.66245642145608,1.68473544806755,,3.657,0.783445110011929
United Kingdom,2018,1.55133095078786,2.29283990345938,156.766820519267,-3.88728858372976,1.62160065704145,,4.145,0.749531540259847
United Kingdom,2017,3.02322219840339,2.55775577557747,160.141177233502,-3.47326460218152,1.58905823431859,,4.501,0.776976682344123
United Kingdom,2016,2.20652020635357,1.0084173681141,155.581504971929,-5.46283821927875,1.49593733402753,,4.909,0.740634463697084
United Kingdom,2015,2.14040560033371,0.36804684232536,147.063146778865,-4.91700489264854,1.56885775056847,,5.552,0.654545478931426
United Kingdom,2014,3.16017351468152,1.45112016293279,149.584281299965,-4.97786981840051,1.20982422016014,,6.398,0.607729626878255
United Kingdom,2013,1.71846961308464,2.29166666666659,141.033172505075,-4.63114682704937,1.19820109358142,,7.752,0.639660577613477
United Kingdom,2012,1.52826034721852,2.5732347965453,146.371335905972,-3.13257837481106,1.21181144741227,,8.279,0.633046988857327
United Kingdom,2011,0.851437739020326,3.8561124468282,143.125971214621,-1.6237867474026,1.11662614701047,,8.195,0.624140835740495
United Kingdom,2010,2.26054460931586,2.49265472467065,130.497283454602,-2.75934253189813,1.13583836210976,,7.973,0.647179345560165
United Kingdom,2009,-4.58740819226323,1.96173173560109,122.887383328898,-3.01852853421921,0.965325264591292,,7.683,0.641919263495996
United Kingdom,2008,-0.0494116727402769,3.52140856342539,104.84023075526,-3.86567706212854,0.530752979118063,,5.748,0.54396625
United Kingdom,2007,2.93091133582351,2.38656150773327,93.3735852072108,-3.71636602944722,0.614730670256313,,5.399,0.499771666666667
United Kingdom,2006,2.18982132415704,2.4556616643929,91.788062892401,-3.10941980167091,0.597484134087492,,5.472,0.543486666666667
United Kingdom,2005,2.7906547174688,2.0891364902507,91.8639528693767,-1.97517731781616,0.686589142942835,,4.884,0.549998333333333
United Kingdom,2004,2.32601853325993,1.39039756680422,90.2045973945536,-2.28435751976608,0.837146297763697,,4.594,0.54618
United Kingdom,2003,3.21851612669614,1.37650038542013,86.4073086616893,-1.82204886055783,0.924570246675465,,4.807,0.6124725
United Kingdom,2002,1.70902736258567,1.52040245947455,86.1686223366587,-1.96774674220137,1.00793032280885,,5.037,0.667223333333333
United Kingdom,2001,2.39102229602824,1.53234960272418,84.04178204707,-1.75946787442188,0.876404449269562,,4.696,0.694655
United Kingdom,2000,4.52438074810904,1.18295624210408,87.284376049437,-1.80322397590519,0.935057175777235,,5.558,0.660930833333333
Ghana,2024,5.59045469593266,22.8483281157842,,2.04180009736218,,37414621429.7,2.82,14.1819416666667
Ghana,2023,3.14009099763754,38.1069656296501,,-0.911884130673809,1.44787783771813,41700706280.4,2.829,11.0204083333333
Ghana,2022,3.80484980952164,31.2558951049016,,-2.33126484639335,1.96715452699178,43607006146.1,2.87,8.2724
Ghana,2021,5.07646643533542,9.9710886750444,,-2.8205574143058,3.9199448740449,46584318739.8,3.2,5.8057
Ghana,2020,0.513941670628171,9.88728956269944,,-3.04816313374944,3.29851075387678,40295305085.6,3.178,5.59570833333333
Ghana,2019,6.5077747939152,7.14364003330857,,-2.72699375813964,2.89562482242713,32685329069.8,3.067,5.21736666666667
Ghana,2018,6.20007768127284,7.80876516610703,,-3.03986602950098,2.72301591901143,35100516069.1,3.204,4.585325
Ghana,2017,8.12889488100956,12.3719215507048,,-3.31643027470141,3.34414965865392,33725981614.6,3.369,4.35053333333333
Ghana,2016,3.37346574966936,17.4546347070868,,-5.04424020618629,3.20054453410844,34860777089.7,5.256,3.90981666666667
Ghana,2015,2.12075933817334,17.1499695007878,,-5.71161560258539,3.09310285341032,31306595150.8,6.806,3.71464166666667
Ghana,2014,2.85624016330883,15.4896160333318,,-6.75690272053076,3.16791053807696,28517251145.9,4.403,2.896575
Ghana,2013,7.31252501678145,11.6661923071729,,-9.07624953901069,2.77836087217601,28508533533.3,2.173,1.98135
Ghana,2012,9.2927894063005,11.1863409441067,,-11.9009237632838,2.8953117517827,23151628039.4,3.126,1.82486666666667
Ghana,2011,14.0471235803149,8.7284593709302,,-9.00258173366362,3.41339545523002,21317880741.9,4.213,1.520625
Ghana,2010,7.89971194051621,10.7333898354915,,-8.5327330566748,4.25120343144955,17984659771.3,5.384,1.42998333333333
Ghana,2009,4.84448705175076,19.2469482220857,,-7.28314283327412,3.78332230012958,12962573037.0,5.362,1.40496666666667
Ghana,2008,9.14979893831817,16.494639613412,,-11.6021635051277,1.90391780434853,10058853977.2,5.144,1.052275
Ghana,2007,4.34681910440079,10.7342665456292,,-9.58130961421888,2.53281170109432,8311291215.1,5.104,0.932619195
Ghana,2006,6.39991260618034,11.6791839392492,,-5.05660776463669,3.20805003973377,6059739098.4,4.897,0.915106799166667
Ghana,2005,5.90000381855104,15.4389920155908,,-10.280631865678,3.32293145839649,8091993817.5,5.816,0.905209485833333
Ghana,2004,5.59999999077445,18.0427388232565,,-6.64520344576759,3.73514236982432,7243731089.5,6.758,0.899494854007063
Ghana,2003,5.200000133101,29.7729797160384,,1.33224533437262,4.04866980793435,8301000837.7,7.728,0.866764326525345
Ghana,2002,4.49999955900331,9.36093239560313,,-1.70668468981884,2.17027994747621,7640294825.3,8.711,0.792417084313167
Ghana,2001,4.00000012807919,41.509496287803,,-8.04286187367619,1.21971784706324,6860995876.9,9.615,0.716305157808996
Ghana,2000,3.70000008164408,40.240933123914,,-7.75495051706689,1.06719389754897,6743341663.2,10.456,0.544919175868766
India,2024,6.49476552383821,4.95303550973656,,-0.82224320865487,7.52133810617043,716456023890.4,4.173,83.669281580941
India,2023,9.19075493028345,5.64914318907925,,-0.878262847208682,7.97237314389747,647556415555.5,4.172,82.5992764460784
India,2022,7.60936497768895,6.69903414079852,,-2.36247481487452,7.00951210544359,615514904164.5,4.822,78.6044905829916
India,2021,9.68959249192875,5.13140747176369,,-1.05524166809383,9.84238574452328,611987174447.7,6.38,73.9180128154351
India,2020,-5.77772470686801,6.62343677628535,,1.22362111042791,12.9323281065786,564979321177.1,7.859,74.0995668836052
India,2019,3.87143694070356,3.72950573539129,,-1.04961203910072,8.27365940048396,561017395481.3,6.51,70.4203405359551
India,2018,6.45385134497769,3.9388264669163,46.5224986659322,-2.42697545810527,6.90105548512366,521175685410.0,7.652,68.3894670935422
India,2017,6.79538341897911,3.32817337461298,47.5836093800197,-1.43948820320988,8.1627186694363,511575707373.6,7.626,65.1215686450659
India,2016,8.25630550179086,4.94821634062141,47.6337555915272,-0.527880606037518,8.43013905768235,455541896498.9,7.611,67.1953128073894
India,2015,7.99625378571471,4.90697344127256,49.9647183856551,-1.06754907167964,8.00309182929654,478831010025.1,7.629,64.1519444632786
India,2014,7.41022760508854,6.66565671867899,49.9009248748319,-1.33950896483452,6.59913308020171,457507409077.4,7.656,61.0295144607843
India,2013,6.38610640094825,10.0178784746102,50.3118273627008,-2.64566711733892,6.02774649537524,427245079805.9,7.678,58.5978454166667
India,2012,5.45638755166587,9.47899691419801,50.6780305618952,-5.00488971805303,5.90371509588661,392576050359.7,7.645,53.4372333333333
India,2011,5.24131619937695,8.91179336483371,51.5565536600977,-3.42928468606061,6.18879010347658,334399298473.1,7.609,46.6704666666667
India,2010,8.49758470221235,11.9893899204244,51.5919103003897,-3.25348368945179,7.76063411026841,290427544563.2,7.631,45.7258121212121
India,2009,7.86188883286074,10.8823529411764,55.2564461117969,-1.95146209111801,9.7737111431445,256312241333.4,7.636,48.4052666666666
India,2008,3.08669805921981,8.34926704907581,57.2922142809949,-2.58337749259837,7.71425265694142,227111768434.6,7.629,43.5051833333333
India,2007,7.6608150670107,6.37288135593231,57.4975363892468,-0.663717648772609,11.1391919314526,204057539299.5,7.562,41.3485333333333
India,2006,8.06073257166651,5.79652337561634,59.6667302762217,-0.988988302952292,8.91992866511893,159525518911.4,7.553,45.3070083333333
India,2005,7.92343062148318,4.24634362031922,62.2265261001737,-1.25350400207393,8.51847317184615,121195478444.5,7.551,44.099975
India,2004,7.92293661199932,3.76725173477515,62.5929767433885,0.110018010197153,11.3051095119994,123644485822.1,7.598,45.3164666666666
India,2003,7.8603814759073,3.80585899528851,62.1900538960464,1.44355773291234,12.2832820147208,118884622369.5,7.633,46.5832841666667
India,2002,3.80397532112175,4.29715203929563,62.5527712945573,1.37093793900847,10.3730834871592,105741601402.0,7.681,48.6103191666667
India,2001,4.82396626555771,3.77929312235637,59.0179097968845,0.290495460210206,7.45295243694094,99500093585.5,7.611,47.1864141666667
India,2000,3.84099115659129,4.0094359104519,55.0042464964554,-0.982342580017137,6.1214797944893,101131491179.6,7.589,44.941605
Japan,2024,0.104309021773304,2.73853681635241,,4.82314808005734,13.0480484378508,,2.5,151.366291302752
Japan,2023,1.47503481053384,3.26813365933163,,3.71672795030716,13.5181230511633,,2.6,140.49110006234
Japan,2022,0.941998775483285,2.49770278172255,,2.11637961936876,12.3368757899621,,2.614,131.498140443764
Japan,2021,2.69657404187188,-0.233352779398264,,3.89996604353178,16.0722158274857,,2.808,109.754323839417
Japan,2020,-4.16876457146743,-0.024995834027731,,2.96847858242383,18.5186166099082,,2.809,106.774582262437
Japan,2019,-0.402169200894946,0.46877615938395,,3.45076611445327,15.4233523008405,,2.351,109.009665900863
Japan,2018,0.643391023533141,0.989094598021848,,3.51661817468288,14.689130719455,,2.467,110.42317934106
Japan,2017,1.67533175173359,0.484199796126385,,4.12036966283799,16.2733093735051,,2.822,112.166141081871
Japan,2016,0.753826745789127,-0.127258844489754,,3.93809128404803,16.9689738640691,,3.132,108.792900046834
Japan,2015,1.56062669680782,0.795279630579839,,3.07027965906978,16.8028215906603,,3.385,121.044025684011
Japan,2014,0.296205514141889,2.75922671353253,,0.742322049627636,14.2124232003685,,3.589,105.944781034025
Japan,2013,2.00510017681211,0.335037912184741,,0.889785415808861,14.971877035387,,4.038,97.5956582776385
Japan,2012,1.37475099905274,-0.0440645104432602,,0.958442611412039,14.2347343263613,,4.358,79.7904554170065
Japan,2011,0.0238095237995424,-0.27245561610124,,2.07915328846556,15.233315561171,,4.55,79.8070198321892
Japan,2010,4.09791791943181,-0.728243207517779,,3.83547896264375,15.8070134520483,,5.102,87.779875
Japan,2009,-5.69323635892741,-1.35283672951719,,2.75409583494434,18.3847316266499,,5.068,93.5700890870456
Japan,2008,-1.22428900061713,1.3800788616492,,2.78294234789654,13.3310524110076,,4.002,103.359493968254
Japan,2007,1.48396941157472,0.060039454498669,,4.62330048259254,15.0050233221166,,3.888,117.753529166667
Japan,2006,1.3723501275831,0.249355116079085,,3.79586172862875,15.0181261034339,,4.192,116.299311666667
Japan,2005,1.80390087215821,-0.282946068764391,,3.52114065640565,15.8351701910594,,4.446,110.218211666667
Japan,2004,2.18611569439318,-0.00857338820310272,,3.71938350458583,17.9567856611529,,4.734,108.192569166667
Japan,2003,1.53512549946694,-0.256541816316025,,3.08393890811206,17.0649282535659,,5.251,115.933464166667
Japan,2002,0.0419624992862282,-0.923494026942321,,2.60256520794996,13.0738264108092,,5.386,125.388019166667
Japan,2001,0.386103426142029,-0.740055504162738,,1.97087092323799,10.6942400543481,,5.02,121.5289475
Japan,2000,2.76464755136783,-0.676578683595175,,2.63045548903537,8.79520531144648,,4.748,107.765498333333
Kenya,2024,4.72473994710138,4.48978854243448,,-1.28786467215559,4.02886150176484,42886127218.3,5.487,134.822483279332
Kenya,2023,5.71999241214208,7.67139634029402,,-2.54552534327701,3.13876976697341,42910026054.2,5.409,139.846383759617
Kenya,2022,4.85998104287999,7.65986268272224,,-4.19995258299621,3.2163509377815,41556299639.8,5.565,117.865989201682
Kenya,2021,7.59048947333467,6.10793603659176,,-4.5990081153926,4.42483155112943,41219100011.5,5.693,109.637746592367
Kenya,2020,-0.272766327438816,5.40516207933392,,-3.26911007065289,5.00168160921732,38038451074.1,5.613,106.450780158517
Kenya,2019,5.11415885767801,5.23963795764792,,-5.23852935907811,4.92067487098351,34970099589.9,5.014,101.99129838935
Kenya,2018,5.64794640709219,4.6898064677633,,-5.41106679141752,4.50003970094333,31433802015.7,4.284,101.301574049018
Kenya,2017,3.83795817364721,8.00564967709945,,-6.99683322084958,4.22919808384003,26951349499.4,3.542,103.410004519014
Kenya,2016,4.21351706814744,6.29724953814625,,-5.3970086381703,5.24445206958816,21057671043.3,2.757,101.504369498594
Kenya,2015,4.96772112759767,6.58215429284779,,-6.30459656347733,4.85820155529876,19783760501.7,2.762,98.1784533265271
Kenya,2014,5.02011100232484,6.87815499275949,,-9.34004850596924,4.36592170439433,16911742536.7,2.767,87.9221638089727
Kenya,2013,3.7978483925754,5.71749357037733,,-7.85152228564967,4.11793739565399,13775500738.7,2.762,86.1228788982654
Kenya,2012,4.56867961444982,9.37777003547598,,-7.47587166159348,3.68947261189705,11832175543.2,2.678,84.5296017573529
Kenya,2011,5.1211061197056,14.0224913014704,,-8.14880935200662,3.05887618096078,10042095566.4,2.699,88.8107699710456
Kenya,2010,8.05847360290906,3.96138889115385,,-5.21669389712651,3.75096597496825,8885235532.9,2.793,79.2331517045454
Kenya,2009,3.30693981631089,9.23412592394652,,-3.98728888063666,4.01198426826371,8585721249.0,2.816,77.352012297579
Kenya,2008,0.232282744812977,26.2398166445063,,-5.52329630288282,2.7031114252704,7691776548.9,2.751,69.175319816226
Kenya,2007,6.85072976998784,9.75888023027529,,-3.2293696026957,3.88514278671835,7576695048.2,2.642,67.3176381242857
Kenya,2006,6.47249430015484,14.4537342081708,,-1.97646990538245,3.47614201270207,6719657604.0,2.673,72.1008350178622
Kenya,2005,5.90666607980057,10.3127783574683,,-1.34655849731384,3.11957154190373,6501013208.9,2.739,75.5541094514311
Kenya,2004,5.10429977629738,11.6240355442426,,-0.818703017571567,3.33882804802791,6916593410.5,2.844,79.1738760642135
Kenya,2003,2.93247554570904,9.81569062979654,,0.888450320310784,4.03534915529282,6715084650.7,2.869,75.9355694444445
Kenya,2002,0.546859530175595,1.96130821739162,,-0.894975876340371,3.16809045543056,6095869527.9,2.916,78.7491416666667
Kenya,2001,3.77990649795343,5.73859814341467,,-2.46632258412886,3.0311542200387,5495276586.0,2.876,78.563195
Kenya,2000,0.599695390807426,9.98002515350979,,-1.5693516563302,2.73411154985089,6147150097.6,2.884,76.1755416666667
Morocco,2024,3.79336515978963,0.985256592004507,,-1.16354070328467,5.27123760712714,67993946129.4,9.103,9.94235921679198
Morocco,2023,3.65564411017931,6.09114152504141,,-1.04767760599469,5.63476498950227,69632222212.5,8.896,10.1314260970897
Morocco,2022,1.81269242194809,6.65704202759067,,-3.6574911910038,5.06212133329447,64971802459.6,9.413,10.1606602430359
Morocco,2021,8.15473889823681,1.40195883962006,,-2.35786783699057,6.77129241409979,65687357710.1,10.551,8.98848402414138
Morocco,2020,-7.17820744246774,0.705968661338261,,-1.12759931996509,8.9354144570375,66009840918.5,11.189,9.49684732221969
Morocco,2019,2.89097476137077,0.303386036590383,,-3.4182057355437,5.58422656502833,55279299519.3,9.191,9.61707609950743
Morocco,2018,3.06564133025955,1.80391671141896,,-4.87290163435469,5.04505638234771,50686138658.3,9.272,9.38610242091972
Morocco,2017,5.05789816173446,0.754663249323619,,-3.10210665362038,6.02529305118119,51358094284.0,9.22,9.6919978888289
Morocco,2016,0.52118550608968,1.63531114327064,,-3.74613174513,6.33785199898356,47831451631.0,9.3,9.8074760315025
Morocco,2015,4.34458297635238,1.5579071134626,,-1.95690775142638,6.25795105188852,44625383212.7,9.46,9.76434827950111
Morocco,2014,2.7192440802029,0.442310053557048,,-5.53783287947428,4.57755268835335,43338961889.4,9.7,8.40633668826152
Morocco,2013,4.12221286860944,1.88065466724086,,-6.77731894447503,4.54168416711332,39430846407.3,9.23,8.4055039167443
Morocco,2012,3.06234368502997,1.28712240079219,,-8.95034696939186,4.12037435216039,33925181786.7,8.99,8.62844458333333
Morocco,2011,5.52464523319847,0.9069249096918,51.2263215704569,-7.26703537698177,4.9628990319259,30016607498.1,8.91,8.089875
Morocco,2010,3.49955709403216,0.993557401226392,47.0982656739638,-3.89149487244855,7.27489844884879,27347978062.1,9.09,8.41715833333333
Morocco,2009,3.74576940136258,0.971862998667636,43.6257434782389,-4.91456971921294,7.57293118246781,24783965561.5,8.96,8.0571
Morocco,2008,5.68453936284732,3.71484311494064,41.2851314683307,-4.44740512293749,6.07073077663713,21063731444.1,9.57,7.750325
Morocco,2007,3.44106776690418,2.04208512673344,46.3035380770239,-0.140355839695734,9.05935595048185,20795268515.3,9.56,8.19233333333333
Morocco,2006,7.7908200104027,3.28476166954811,49.5746100609743,1.85973036169922,9.94667175054793,18051337126.0,9.67,8.79558333333333
Morocco,2005,3.19224973015831,0.982641660015951,53.6662965686373,1.51129572542934,9.18820030261679,16350932485.1,11.01,8.86500833333334
Morocco,2004,4.57138016516208,1.49344403381774,,1.46649924876604,10.5684588498788,17133015904.7,10.83,8.86801666666667
Morocco,2003,6.17110214953244,1.16773367477592,,2.72583245907781,11.1503344908544,18384943689.5,11.92,9.57438333333333
Morocco,2002,3.73019737485745,2.79561966936936,48.4750786200092,3.13718804047296,9.76299089569236,18140486660.4,11.59,11.0205833333333
Morocco,2001,7.72182519577728,0.619801875297975,,3.67558331729074,8.80305336942011,18924527892.6,12.46,11.302975
Morocco,2000,2.58218091499747,1.89463456763464,,-1.10387975127873,4.98183092952714,20810014284.5,13.58,10.6256361666667
Mexico,2024,1.42742769080466,4.72225588452932,,-0.901772757867301,3.54735730388049,591255026725.0,2.678,18.3048583333333
Mexico,2023,3.35354140652768,5.52796087314389,45.0297603114434,-0.700390860917119,3.44254738885754,595981151218.0,2.765,17.7587166666667
Mexico,2022,3.70975709163623,7.8962761916855,43.9694401399305,-1.28978094141973,3.32190681281323,585861539733.2,3.256,20.12735
Mexico,2021,6.0484834621255,5.68920847683753,44.8609557938384,-0.346548814054211,4.12398114778684,601471659897.8,4.019,20.2724083333333
Mexico,2020,-8.35403458167995,3.39683415570006,45.8373464334068,2.39690767800282,5.07902828726658,616686384395.0,4.44,21.4856083333333
Mexico,2019,-0.392690505066824,3.63596142127046,41.3273940507878,-0.296844402044544,3.91541539352767,617449991504.4,3.477,19.2636333333333
Mexico,2018,1.97208209405635,4.89935015356551,,-2.06414074457574,3.74611361421752,602000702060.1,3.275,19.2443416666667
Mexico,2017,1.87172853327193,6.04145724018986,,-1.79746290774801,4.12120736692422,578638429804.9,3.419,18.9265166666667
Mexico,2016,1.77249323845399,2.8217078474766,,-2.27311198277187,4.54794007085504,544792453300.0,3.853,18.6640583333333
Mexico,2015,2.70232342550646,2.72064064964023,,-2.59917628210589,4.46007738307296,538015200055.6,4.311,15.8482666666667
Mexico,2014,2.50376350288664,4.01861608078679,,-1.82131927662925,4.80529226012456,544166999708.7,4.819,13.29245
Mexico,2013,0.852101559410627,3.80639069747204,,-2.39396960197863,4.5658776197185,504135518878.2,4.921,12.7719916666667
Mexico,2012,3.55321075993527,4.11150981070289,,-1.40984864750596,4.48471717639987,432987558051.4,4.892,13.1694583333333
Mexico,2011,3.44404505794418,3.40737824605742,,-0.857892612318958,4.27630853093347,351694706992.3,5.175,12.423325
Mexico,2010,4.9713345832195,4.15672722680174,,-0.339592498650934,4.05364499570365,312338399290.8,5.303,12.6360083333333
Mexico,2009,-6.29525055780502,5.29735584228856,,-0.750928571008077,4.18740932590072,250545865969.3,5.356,13.513475
Mexico,2008,0.943331863036903,5.12498274575896,,-1.40680860965349,3.10571376172191,248240107870.4,3.874,11.1297166666667
Mexico,2007,2.07786393438754,3.96684905458235,,-0.844640815298196,3.06932316704467,250650606340.3,3.628,10.9281916666667
Mexico,2006,4.80501352746852,3.62946762439132,,-0.316555541136008,2.96677953801298,221829065156.6,3.566,10.8992416666667
Mexico,2005,2.11324712586392,3.98805714597437,,-0.623534401583354,3.3128817109364,218225512951.4,3.558,10.8978916666667
Mexico,2004,3.56544100946846,4.68840884843143,,-0.464775659455354,3.28782723404344,210040194664.4,3.937,11.2859666666667
Mexico,2003,1.18554486709559,4.54690012118718,,-0.526761129661888,3.44046588174089,199260698324.5,3.455,10.7890191666667
Mexico,2002,-0.236588001922641,5.03072733151295,,-1.52936520808687,2.98006982310122,193461604962.7,3.003,9.65595833333333
Mexico,2001,-0.450845253215945,6.36773806235037,,-2.23003398954777,2.63689971681986,202572533842.5,2.627,9.34234166666667
Mexico,2000,5.02928399378261,9.49156149435403,18.1918633340197,-2.52707170138346,2.01762486355417,178113615414.8,2.646,9.45555833333333
Nigeria,2024,4.06236408888319,33.2420966545406,,6.82436415121879,6.79009113511059,108757630161.5,3.045,1478.96519740023
Nigeria,2023,3.32684556421316,24.659550203114,,1.31788745937756,4.90299155501222,102472750412.9,3.074,645.194067883201
Nigeria,2022,4.31882949523192,18.8471877843274,,0.157446238586316,4.659506677352,103064224482.6,3.827,425.979158066857
Nigeria,2021,1.10925253938163,16.9528457221608,,-0.534215770594035,6.23022689363279,96254706293.5,5.404,401.152029220779
Nigeria,2020,-6.36889840510109,13.2460234276597,,-2.67061135743196,5.6041952427179,87591245939.4,5.714,358.810797258297
Nigeria,2019,2.20842927714892,11.3964223378116,,-2.04801100743442,4.09643013402124,81342753974.7,5.206,306.920951495222
Nigeria,2018,1.92275734200614,12.0951065173432,,1.72693303668361,6.05210554378925,69440288784.6,5.069,306.083688245234
Nigeria,2017,0.805886619102438,16.5022662139641,,3.60982550121523,7.99776517285899,65142821169.8,4.83,305.790109160005
Nigeria,2016,-1.61686894906509,15.6968126387972,,1.25472098152786,6.16907128225613,43735939488.9,4.499,253.492
Nigeria,2015,2.65269329543001,9.00943498007706,,-3.13140101186134,4.06769256756332,45024833871.7,4.134,192.440333333333
Nigeria,2014,6.30971865525431,8.04741087967907,,0.157882534299197,3.92421294227136,46672476310.2,3.9,158.552641666667
Nigeria,2013,6.67133539306167,8.49551838265669,,3.66244030371782,5.08562033779417,42604005424.4,3.711,157.311666666667
Nigeria,2012,4.23006117493223,12.2242413020584,,3.7446896447893,5.19347277530649,39282745538.8,3.761,157.5
Nigeria,2011,5.30792420289453,10.8261371880017,,2.57400123356654,3.53184194734956,34129232146.0,3.77,153.8625
Nigeria,2010,8.00565591628701,13.7400521363694,,3.57264829109624,4.37788525667587,29148883008.7,3.744,150.2975
Nigeria,2009,8.03692510099023,12.5378277304689,,4.70138235015375,7.98411055165795,22748897639.8,3.763,148.88
Nigeria,2008,6.76447277780228,11.5810751748252,,8.58534493307944,7.88144773894111,20418957892.7,3.792,118.566666666667
Nigeria,2007,6.59113036068679,5.38800796858626,,9.93609280353569,10.2180371505246,19484330676.5,3.794,125.808108333333
Nigeria,2006,6.05942803202906,8.22522152017047,,15.3142425877272,12.0982199034067,17491682578.5,3.749,128.651666666667
Nigeria,2005,6.43851652538348,17.8634933661605,,20.7940448372853,9.60467541549225,33654648314.5,3.727,131.274333333333
Nigeria,2004,9.2505582291798,14.9980338183251,,12.4042052774237,8.7479910037659,45910626685.7,3.59,132.888025
Nigeria,2003,7.34719496799492,14.0317836131437,,3.23719691054246,3.53225471979061,41856858871.2,3.637,129.22235
Nigeria,2002,15.3291557409559,12.8765792031099,,1.13946817426015,4.86841650909391,36779630348.3,3.669,120.578158333333
Nigeria,2001,5.91768464920371,18.8736462093863,,3.36845503733351,6.82011838685134,34976644763.9,3.9,111.23125
Nigeria,2000,5.01593475931152,6.93329215565161,,10.7371768862311,7.87841172567211,33514256077.2,3.953,101.697333333333
United States,2024,2.79300127716779,2.94952520485207,118.110809413059,-4.12262463415284,1.94032058064747,,4.022,1.0
United States,2023,2.88755600749487,4.11633838374488,116.975041091042,-3.40030482379486,1.79263382538628,,3.638,1.0
United States,2022,2.51237531986017,8.00279982052121,114.751249288826,-3.87872626619871,1.67967044769329,,3.65,1.0
United States,2021,6.05505293244555,4.69785886363742,120.426823865111,-3.68274086718403,1.97445270826071,,5.349,1.0
United States,2020,-2.16302914036166,1.23358439630629,126.432892675138,-2.81809426941685,2.09737678529136,,8.055,1.0
United States,2019,2.58382533412825,1.81221007526021,100.979786328903,-2.06708055581828,1.54805985915951,,3.669,1.0
United States,2018,2.96650506901305,2.44258329692817,99.2223695206525,-2.13796218132331,1.3600015179599,,3.896,1.0
United States,2017,2.45762229852507,2.13011000365961,97.8800564031882,-1.88739358215214,1.48411996805483,,4.355,1.0
United States,2016,1.81945147788167,1.26158320570536,98.6931939368279,-2.11937229657855,1.44075451131827,,4.869,1.0
United States,2015,2.94555045484053,0.118627135552451,96.6110565851958,-2.2434721228246,1.34985594012155,,5.28,1.0
United States,2014,2.52381981363968,1.62222297740817,95.9491132711014,-2.10805505161045,1.48004639876335,,6.168,1.0
United States,2013,2.11783009790057,1.46483265562717,95.7184835504169,-2.01538414033942,1.59421468829977,,7.375,1.0
United States,2012,2.28911338669843,2.06933726526067,93.8330014607143,-2.57236812074952,2.04662420386995,,8.069,1.0
United States,2011,1.56440685763506,3.156841568622,89.7347177439651,-2.91862137859132,1.96135892377522,,8.949,1.0
United States,2010,2.69519257744442,1.6400434423899,85.1548294082739,-2.87064270506825,2.00331890203891,,9.633,1.0
United States,2009,-2.57650022958367,-0.355546266299747,76.0321911124259,-2.62283669627863,1.92028077353965,,9.254,1.0
United States,2008,0.113587249881704,3.839100296651,63.9719356606883,-4.71586121002055,1.07901356702484,,5.784,1.0
United States,2007,2.00385829784946,2.85267248150138,55.81423486742,-5.08872774231253,1.06599499526028,,4.622,1.0
United States,2006,2.78453963650701,3.22594410070404,55.6206336286886,-5.91101922107059,0.920734980795974,,4.623,1.0
United States,2005,3.48354993555606,3.3927468454955,56.6929754702153,-5.74598170416952,0.903588941772187,,5.084,1.0
United States,2004,3.84777169556921,2.67723669309172,56.8323090866456,-5.20485343641858,1.05559111218244,,5.529,1.0
United States,2003,2.79560596320081,2.27009497336115,56.4292821179909,-4.55898086099347,1.19878399570069,,5.989,1.0
United States,2002,1.70044732643726,1.58603162650601,54.0472133861297,-4.17333961025019,1.11647810305723,,5.783,1.0
United States,2001,0.955538348341605,2.82617111885407,52.6288977430517,-3.72407498836611,0.938134144021971,,4.731,1.0
United States,2000,4.07758575682804,3.37685727149929,33.2676548646821,-3.92088614748242,0.854272096906953,,3.992,1.0
South Africa,2024,0.534843531905139,4.36115246518962,,-0.64279979707505,5.67102712164409,175895546993.5,32.279,18.3286575505
South Africa,2023,0.80610455095804,6.0752438457966,79.446907709916,-1.10356312207881,5.33074985880919,165839388756.3,32.098,18.4502441785
South Africa,2022,2.05813661692193,7.03987272546482,76.2054429487374,-0.29618259812743,4.91388463271698,171731622090.9,33.268,16.3558534845
South Africa,2021,4.85864865060148,4.61874544887136,74.0826080100226,3.77241369345008,5.56291275582498,169447431525.1,34.007,14.7786782139167
South Africa,2020,-6.1689177146757,3.23238831615113,75.7255090818801,2.00352275153333,7.12354295570034,175427437079.7,29.217,16.4591053903333
South Africa,2019,0.25993557687633,4.10285075461156,64.589278136337,-2.61999067483039,5.40690081512178,190747897765.0,28.468,14.4484270548333
South Africa,2018,1.55678384721676,4.50987264867388,59.1023114125426,-3.00051939426577,4.81246249518315,180194489501.0,26.906,13.2339264715833
South Africa,2017,1.15794695181735,5.18618655524149,56.2597208339946,-2.37436753188649,5.22545718092341,175025046978.8,27.035,13.3238014244992
South Africa,2016,0.664552307858116,6.60290842394872,53.7387913927398,-2.63361451678798,5.43700662124582,144058545587.0,26.536,14.7096108855267
South Africa,2015,1.32186223678229,4.51869094892506,52.651157246849,-4.31028688643788,4.72421413251301,127752573028.5,25.149,12.7589308811644
South Africa,2014,1.41382645223793,6.13282953059149,,-4.81243259488481,4.42516066122755,149329312096.2,24.89,10.8526555687831
South Africa,2013,2.48546800826588,5.78016910069176,,-5.33837274756909,4.30463726127469,141651073880.4,24.561,9.65505606913526
South Africa,2012,2.39623238465745,5.73797139141739,,-4.68373643403846,4.33171873217317,147970332050.0,24.727,8.20996862659332
South Africa,2011,3.16855627858818,5.0008533879502,,-2.01967628513274,4.19180307031227,124146392176.7,24.639,7.26113213232735
South Africa,2010,3.03973288127956,4.06749555950263,,-1.29901805615596,4.54059848802418,115330364542.4,24.683,7.32122196115288
South Africa,2009,-1.53808913525583,7.23809523809527,,-2.38458187361532,5.1266234808134,84384689913.6,23.523,8.47367415824888
South Africa,2008,3.1910438863288,9.90998456005467,,-5.18618108467679,3.32808353072731,74280629524.8,22.407,8.26122333333333
South Africa,2007,5.36047405394162,6.17781214809388,,-4.86189160706923,3.46397510382696,72812055811.5,22.26,7.045365
South Africa,2006,5.60380645895889,3.2439076541923,,-4.00012427594728,3.23727857447778,57947017293.2,22.304,6.77154916666667
South Africa,2005,5.27705197295467,2.06285308223427,,-2.7747758989594,3.16114379578521,45095026798.5,22.472,6.35932833333333
South Africa,2004,4.55455990721774,-0.692039437857687,,-2.50726120703613,2.68935775221081,44013592823.2,22.567,6.4596925
South Africa,2003,2.94907546754213,5.67942414068799,,-0.782449992267882,1.92764823872227,40113294660.1,22.679,7.56474916666667
South Africa,2002,3.70037440406668,9.494713780996,,0.781937464700473,2.50168882524225,35100005788.3,22.579,10.5407466666667
South Africa,2001,2.70000000019104,5.70189483049608,,0.253001084795546,2.45317346788814,25680208730.5,22.652,8.60918083333334
South Africa,2000,4.20000000067826,5.33895913599828,39.6390583837328,-0.125570459653346,2.38388518393691,26668247021.2,22.788,6.93982833333333
Zambia,2024,3.82004825518591,14.9856262747939,,-1.92621773434868,,28117735300.5,5.898,26.1664187812257
Zambia,2023,5.36794285493059,10.884531691282,,-3.03751016927581,3.02003524718783,29076512018.8,5.861,20.212017866195
Zambia,2022,5.21122360356247,10.9932039209136,,3.74784661580661,3.05350657340865,28423406214.6,5.993,16.9375943252989
Zambia,2021,6.23492204726448,22.0207676245777,71.4111761749593,11.9003513535048,3.51108126321394,26943470807.4,5.197,20.0184865859688
Zambia,2020,-2.78505506545167,15.7330604721369,103.543152350363,11.790957110182,2.16264307026379,29531412127.7,6.032,18.3440926453379
Zambia,2019,1.44130602603785,9.15031644316296,61.9301173695734,0.603690808802683,2.0487863766956,29396610676.8,5.538,12.89
Zambia,2018,4.03449389667165,7.4945719272852,59.712221166501,-1.30116677554112,1.7717393063951,24615978773.9,5.032,10.4583333333333
Zambia,2017,3.52586277149926,6.57731154205644,52.2809418400663,-1.68127057617849,2.51169346017071,23739237630.4,4.529,9.5175
Zambia,2016,3.75510031678988,17.8697300795268,46.4328935945728,-4.55168827542136,3.26164878932214,15755769971.2,5.244,10.3075
Zambia,2015,2.92037511217961,10.1105928909618,49.4073473478714,-3.61227207947561,3.85992865254806,12310774475.8,5.951,8.63166666666667
Zambia,2014,4.69328316376705,7.80687553566333,44.3958675869335,-1.4270939600475,3.14073661293899,9650598727.0,6.576,6.15416666666667
Zambia,2013,5.05753695047252,6.97767605490307,24.2239941452842,-0.575955750525117,2.64628606332018,6668587065.3,7.272,5.39648333333333
Zambia,2012,7.59738104901994,6.57589970757698,23.4889192803801,5.37898486156031,3.80157378941561,6181891104.6,7.85,5.1475
Zambia,2011,5.56925219263019,6.4293968107234,18.0499093613498,4.65823655766585,3.19989697582888,5199610016.1,10.548,4.86166666666666
Zambia,2010,10.2982233241213,8.50176133365265,17.3215114837051,7.52549147652086,3.60505486354119,4320702678.3,13.19,4.7975
Zambia,2009,9.2203484058663,13.3952546325895,,5.95342818479561,5.03509185823867,3640887245.9,10.583,5.045
Zambia,2008,7.77389581542363,12.4455793463192,,-3.33057905300122,1.92836906641276,2937007524.5,7.93,3.745
Zambia,2007,8.35243624447406,10.6573496000153,,-1.23802039926344,2.19199542115321,2740042630.0,10.559,4.00166666666667
Zambia,2006,7.90369444480079,9.01957247226486,,4.64474506229629,1.99159276043449,2250620968.8,13.229,3.60166666666666
Zambia,2005,7.23559900655543,18.324439701174,,-2.78498414861087,2.11194435581262,5370018799.6,15.9,4.465
Zambia,2004,7.03239511515218,17.9677891087286,,-7.14878830806073,1.56693989115161,7548425739.5,15.332,4.77887538643578
Zambia,2003,6.94497398221223,21.4015783901995,,-13.5299667044381,1.49119423147485,6882252297.9,14.704,4.73327104649872
Zambia,2002,4.50601428032604,22.2333446430947,,-15.8142108448002,3.40597050825706,6681120453.4,14.131,4.398595
Zambia,2001,5.31686827418419,21.3937821792546,,-18.0007855963506,1.20671755331928,6194276538.4,13.404,3.610935
Zambia,2000,3.89732294341896,26.0304117888121,,-18.3980639927089,1.87435145293429,5812480208.3,12.93,3.11084416666667
